<?xml version="1.0" encoding="UTF-8" standalone="yes"?>
<addon id="plugin.video.androidrepublicaSE"
       name="[COLOR lime]androidrepublicaSE[/COLOR]"
       version="5.0.0"
       provider-name="Androidrepublica">
  <requires>
    <import addon="xbmc.python" version="2.1.0"/>
    <import addon="script.module.beautifulsoup" version="3.2.1"/>
	<import addon="script.module.six" version="1.11.0"/>
    <import addon="script.module.simple.downloader" version="0.9.4"/>
    <import addon="script.module.requests" />
    <import addon="script.module.httplib2" />
    <import addon="script.module.liveresolver" version="0.1.24" optional="true"/>
    <import addon="script.module.youtube.dl" optional="true"/>
    <import addon="plugin.video.youtube" optional="true" />
    <import addon="script.module.resolveurl" optional="true"/>
	<import addon="script.module.urlresolver" optional="true"/>
    <import addon="script.module.simplejson" />    
    <import addon="script.module.livestreamer" optional="true"/>
    <import addon="script.module.slproxy" optional="true"/>
	<import addon="script.module.resolveurl" version="5.0.00"/>
    <import addon="script.module.pyamf" optional="true"/>
  </requires>
  <extension point="xbmc.python.pluginsource" library="default.py">
    <provides>video</provides>
  </extension>


  <extension point="xbmc.addon.metadata">
    <summary>Kodi IPTV Malaysia | Androidrepublica Special Edition</summary>
    <description>Androidrepublica | Special Edition - For Kodi IPTV Malaysia Premium Build. 
	Support kami di FB : [COLOR blue]Androidrepublica[/COLOR] , Website : [COLOR blue]androidrepublica.com[/COLOR] dan Youtube Channel : [COLOR blue]Kodi Malaysia[/COLOR]. Not to be used on Kodi Build without our permission</description>
    <disclaimer lang="en">[COLOR lime]The content provided in this addon is available free on public domain. We do not host any content[/COLOR]</disclaimer>
	<platform>all</platform>
	<website>https://www.androidrepublica.com/</website>
	<news>
[B]Version 5.0.0 - 06 April 2020[/B]
- Added jsunpack and unwise libraries 
- Added Rijndael crypto library
- Added Widevine DRM support for MPEG-DASH streams
- Added RSA Labs Password-Based Key Derivation Function 2 
- Fix Bug
	</news>
	<assets>
		<icon>icon.png</icon>
		<fanart>fanart.jpg</fanart>
		<screenshot>resources/screenshot-01.png</screenshot>
		<screenshot>resources/screenshot-02.png</screenshot>
		<screenshot>resources/screenshot-03.png</screenshot>
	</assets>
  </extension>
</addon>
